,age,sex,bmi,bp,s1,s2,s3,s4,s5,s6
0,0.0453409833354632,0.0,0.0390621529671896,0.0459724498511097,0.00668675732899544,-0.0241737151368545,0.0081420836051921,-0.0125555646346783,0.0643282330236709,0.0569117993072195
1,-0.03457486258696701,1.0,-0.0256065714656645,-0.0171468461892456,0.00118294589619092,-0.0028796197351662898,0.0081420836051921,-0.015507654304751001,0.0148227108412663,0.0403433716478807
2,0.0162806757273067,0.0,0.0207393477112143,0.0218723549949558,-0.0139525355440215,-0.0132135189742209,-0.00658446761115617,-0.00259226199818282,0.0133159679089277,0.0403433716478807
3,-0.0200447087828888,0.0,-0.0547074974604488,-0.0538708002672419,-0.0662387441556644,-0.0573674520865449,0.0118237214092792,-0.0394933828740919,-0.0740888714915354,-0.0052198044153011
